TGME49_CHRXII	0	31
TGME49_CHRXII	1	37
TGME49_CHRXII	2	62
TGME49_CHRXII	3	49
TGME49_CHRXII	4	26
TGME49_CHRXII	5	16
TGME49_CHRXII	6	14
TGME49_CHRXII	7	13
TGME49_CHRXII	8	20
TGME49_CHRXII	9	15
TGME49_CHRXII	10	28
TGME49_CHRXII	11	25
TGME49_CHRXII	12	46
TGME49_CHRXII	13	70
TGME49_CHRXII	14	69
TGME49_CHRXII	15	71
TGME49_CHRXII	16	110
TGME49_CHRXII	17	118
TGME49_CHRXII	18	94
TGME49_CHRXII	19	107
TGME49_CHRXII	20	106
TGME49_CHRXII	21	94
TGME49_CHRXII	22	115
TGME49_CHRXII	23	70
TGME49_CHRXII	24	83
TGME49_CHRXII	25	67
TGME49_CHRXII	26	74
TGME49_CHRXII	27	53
TGME49_CHRXII	28	49
TGME49_CHRXII	29	69
TGME49_CHRXII	30	97
TGME49_CHRXII	31	90
TGME49_CHRXII	32	73
TGME49_CHRXII	33	62
TGME49_CHRXII	34	82
TGME49_CHRXII	35	67
TGME49_CHRXII	36	72
TGME49_CHRXII	37	42
TGME49_CHRXII	38	57
TGME49_CHRXII	39	55
TGME49_CHRXII	40	83
TGME49_CHRXII	41	67
TGME49_CHRXII	42	77
TGME49_CHRXII	43	51
TGME49_CHRXII	44	40
TGME49_CHRXII	45	18
TGME49_CHRXII	46	24
TGME49_CHRXII	47	33
TGME49_CHRXII	48	36
TGME49_CHRXII	49	33
TGME49_CHRXII	50	22
TGME49_CHRXII	51	14
TGME49_CHRXII	52	38
TGME49_CHRXII	53	56
TGME49_CHRXII	54	51
TGME49_CHRXII	55	80
TGME49_CHRXII	56	57
TGME49_CHRXII	57	60
TGME49_CHRXII	58	58
TGME49_CHRXII	59	65
TGME49_CHRXII	60	58
TGME49_CHRXII	61	58
TGME49_CHRXII	62	31
TGME49_CHRXII	63	27
TGME49_CHRXII	64	49
TGME49_CHRXII	65	40
TGME49_CHRXII	66	65
TGME49_CHRXII	67	42
TGME49_CHRXII	68	43
TGME49_CHRXII	69	40
TGME49_CHRXII	70	45
TGME49_CHRXII	71	35
TGME49_CHRXII	72	18
TGME49_CHRXII	73	0
TGME49_CHRXII	74	5
TGME49_CHRXII	75	40
TGME49_CHRXII	76	3
TGME49_CHRXI	0	0
TGME49_CHRXI	1	0
TGME49_CHRXI	2	0
TGME49_CHRXI	3	0
TGME49_CHRXI	4	0
TGME49_CHRXI	5	0
TGME49_CHRXI	6	0
TGME49_CHRXI	7	0
TGME49_CHRXI	8	0
TGME49_CHRXI	9	0
TGME49_CHRXI	10	0
TGME49_CHRXI	11	0
TGME49_CHRXI	12	0
TGME49_CHRXI	13	0
TGME49_CHRXI	14	0
TGME49_CHRXI	15	0
TGME49_CHRXI	16	0
TGME49_CHRXI	17	0
TGME49_CHRXI	18	0
TGME49_CHRXI	19	0
TGME49_CHRXI	20	0
TGME49_CHRXI	21	0
TGME49_CHRXI	22	0
TGME49_CHRXI	23	0
TGME49_CHRXI	24	0
TGME49_CHRXI	25	0
TGME49_CHRXI	26	0
TGME49_CHRXI	27	0
TGME49_CHRXI	28	0
TGME49_CHRXI	29	0
TGME49_CHRXI	30	0
TGME49_CHRXI	31	0
TGME49_CHRXI	32	0
TGME49_CHRXI	33	0
TGME49_CHRXI	34	0
TGME49_CHRXI	35	0
TGME49_CHRXI	36	0
TGME49_CHRXI	37	0
TGME49_CHRXI	38	0
TGME49_CHRXI	39	0
TGME49_CHRXI	40	0
TGME49_CHRXI	41	0
TGME49_CHRXI	42	0
TGME49_CHRXI	43	0
TGME49_CHRXI	44	0
TGME49_CHRXI	45	0
TGME49_CHRXI	46	0
TGME49_CHRXI	47	0
TGME49_CHRXI	48	0
TGME49_CHRXI	49	0
TGME49_CHRXI	50	0
TGME49_CHRXI	51	0
TGME49_CHRXI	52	0
TGME49_CHRXI	53	0
TGME49_CHRXI	54	0
TGME49_CHRXI	55	0
TGME49_CHRXI	56	0
TGME49_CHRXI	57	0
TGME49_CHRXI	58	0
TGME49_CHRXI	59	0
TGME49_CHRXI	60	0
TGME49_CHRXI	61	0
TGME49_CHRXI	62	0
TGME49_CHRXI	63	0
TGME49_CHRXI	64	0
TGME49_CHRXI	65	0
TGME49_CHRXI	66	0
TGME49_CHRXI	67	0
TGME49_CHRXI	68	0
TGME49_CHRXI	69	0
TGME49_CHRXI	70	0
TGME49_CHRXI	71	0
TGME49_CHRXI	72	0
TGME49_CHRXI	73	0
TGME49_CHRXI	74	0
TGME49_CHRXI	75	0
TGME49_CHRXI	76	22
TGME49_CHRXI	77	28
TGME49_CHRXI	78	40
TGME49_CHRXI	79	24
TGME49_CHRXI	80	22
TGME49_CHRXI	81	21
TGME49_CHRXI	82	28
TGME49_CHRXI	83	20
